{
  "global_settings": {
    "finger_type": "left middle",
    "focal_length_mm": 50.0,
    "sensor_width_mm": 36.0
  },
  "output_data": {
    "AD_arc": 0.3803744614124298,
    "A": [
      0.0,
      0.0
    ],
    "B": [
      0.894582986831665,
      5.595434188842773
    ],
    "C": [
      9.92436408996582,
      5.564161777496338
    ],
    "D": [
      16.045419692993164,
      -5.601177122116496e-07
    ],
    "E": [
      9.437435150146484,
      -6.673126220703125
    ],
    "F": [
      1.0762006044387817,
      -6.144052505493164
    ],
    "A_P_AF": [
      0.018161756917834282,
      -1.1739486455917358
    ],
    "D_P_CD": [
      15.304683685302734,
      2.725423812866211
    ],
    "B_P_AB": [
      0.4156215190887451,
      5.2859086990356445
    ],
    "F_P_AF": [
      0.4223085641860962,
      -5.619443893432617
    ],
    "AB_P2": [
      0.08962076157331467,
      2.6121063232421875
    ],
    "AB_P3": [
      0.2170540988445282,
      4.1085429191589355
    ],
    "BC_P2": [
      7.173898220062256,
      5.615363121032715
    ],
    "CD_P1": [
      12.590372085571289,
      5.193732738494873
    ],
    "AF_P2": [
      0.027100682258605957,
      -2.604175567626953
    ],
    "AF_P3": [
      0.12155400216579437,
      -4.212517738342285
    ],
    "FE_P2": [
      6.686584949493408,
      -6.733059883117676
    ],
    "ED_P1": [
      14.12148380279541,
      -5.980849266052246
    ],
    "xy_rotation": 0.030733946710824966,
    "A_tangent": 1.312464714050293,
    "A_P1_G": [
      -3.2186079025268555,
      0.004213389009237289
    ],
    "G": [
      -5.081185817718506,
      -0.9925091862678528
    ],
    "A_P1_H": [
      3.2319657802581787,
      -0.005007450468838215
    ],
    "H": [
      5.381312847137451,
      -1.019978404045105
    ],
    "D_P1_I": [
      4.492127418518066,
      0.01052030734717846
    ],
    "I": [
      6.997017860412598,
      -1.7797374725341797
    ],
    "D_P1_J": [
      -4.543501377105713,
      0.0062976013869047165
    ],
    "J": [
      -6.5560622215271,
      -1.7737758159637451
    ]
  },
  "image_metadata_list": [
    {
      "image_filename": "video2_frame_0003.jpg",
      "quaternion": [
        -0.17961862683296204,
        -0.3197953701019287,
        -0.5177285671234131,
        0.7729328274726868
      ]
    },
    {
      "image_filename": "video2_frame_0005.jpg",
      "quaternion": [
        -0.744328498840332,
        0.03108876757323742,
        0.17600806057453156,
        0.643451452255249
      ]
    },
    {
      "image_filename": "video2_frame_0010.jpg",
      "quaternion": [
        -0.5570014119148254,
        -0.2542631924152374,
        -0.1187957227230072,
        0.7816567420959473
      ]
    },
    {
      "image_filename": "video2_frame_0012.jpg",
      "quaternion": [
        -0.7380224466323853,
        0.1478782296180725,
        0.05552581325173378,
        0.6560272574424744
      ]
    },
    {
      "image_filename": "video2_frame_0013.jpg",
      "quaternion": [
        -0.36942949891090393,
        0.07601147890090942,
        -0.4083213210105896,
        0.8312748074531555
      ]
    }
  ]
}